{
  "label": "SYNTHETIC \u2014 engineering verification only",
  "n_turns": 24,
  "scenarios": {
    "human_ai_synthetic": {
      "anti_tautology": {
        "gamma_original": -0.9503088500351947,
        "instability_flag": false,
        "max_loto_sensitivity": 0.0076757542682931446,
        "notes": [],
        "outlier_flag": false,
        "passed": false,
        "piecewise_delta": 0.043536713204348154,
        "shuffled_delta": 0.0827676369271374,
        "surrogate_flag": false,
        "surrogate_p": 1.947638747554045e-09,
        "tautology_flag": true
      },
      "evidence": {
        "adapter": {
          "cumulative_tokens": 1828,
          "domain": "dialogue",
          "state_keys": [
            "topo",
            "thermo_cost",
            "turn_count"
          ],
          "vocab_size": 516
        },
        "final_state": {
          "cross_coherence": NaN,
          "dgamma_dt": -0.000742974222079379,
          "gamma_mean": -0.9503088500351947,
          "gamma_std": NaN,
          "phase": "METASTABLE"
        },
        "gamma_trajectory": [
          NaN,
          NaN,
          NaN,
          NaN,
          -0.9440368447491012,
          -0.9444760566787093,
          -0.9435976328194933,
          -0.942322695505867,
          -0.9402357907093024,
          -0.9415710567405277,
          -0.9409471939554422,
          -0.941767971891473,
          -0.9423920851456656,
          -0.9429169439193404,
          -0.9432308335927329,
          -0.9438757809152698,
          -0.944169966897624,
          -0.9456352260101915,
          -0.9469212566160289,
          -0.9485334163459775,
          -0.950362732527113,
          -0.9507131588167268,
          -0.9507131588167268,
          -0.9503088500351947
        ],
        "n_turns": 24,
        "phase_trajectory": [
          "INITIALIZING",
          "INITIALIZING",
          "INITIALIZING",
          "INITIALIZING",
          "INITIALIZING",
          "INITIALIZING",
          "INITIALIZING",
          "INITIALIZING",
          "METASTABLE",
          "METASTABLE",
          "METASTABLE",
          "METASTABLE",
          "METASTABLE",
          "METASTABLE",
          "METASTABLE",
          "METASTABLE",
          "METASTABLE",
          "METASTABLE",
          "METASTABLE",
          "METASTABLE",
          "METASTABLE",
          "METASTABLE",
          "METASTABLE",
          "METASTABLE"
        ],
        "seed": 7,
        "window": 16
      },
      "gamma_trajectory_rounded": [
        NaN,
        NaN,
        NaN,
        NaN,
        -0.944037,
        -0.944476,
        -0.943598,
        -0.942323,
        -0.940236,
        -0.941571,
        -0.940947,
        -0.941768,
        -0.942392,
        -0.942917,
        -0.943231,
        -0.943876,
        -0.94417,
        -0.945635,
        -0.946921,
        -0.948533,
        -0.950363,
        -0.950713,
        -0.950713,
        -0.950309
      ],
      "label": "SYNTHETIC \u2014 engineering verification only",
      "scenario": "human_ai_synthetic"
    },
    "llm_only_synthetic": {
      "anti_tautology": {
        "gamma_original": NaN,
        "instability_flag": false,
        "max_loto_sensitivity": NaN,
        "notes": [
          "AT-1: NaN gamma encountered; shuffled delta undefined.",
          "AT-2: could not estimate surrogate distribution (all NaN).",
          "AT-4: LOTO produced only NaN gammas; sensitivity undefined.",
          "gamma_original is NaN \u2014 battery result invalid."
        ],
        "outlier_flag": false,
        "passed": false,
        "piecewise_delta": NaN,
        "shuffled_delta": NaN,
        "surrogate_flag": false,
        "surrogate_p": NaN,
        "tautology_flag": false
      },
      "evidence": {
        "adapter": {
          "cumulative_tokens": 1845,
          "domain": "dialogue",
          "state_keys": [
            "topo",
            "thermo_cost",
            "turn_count"
          ],
          "vocab_size": 8
        },
        "final_state": {
          "cross_coherence": NaN,
          "dgamma_dt": -0.16561638058619496,
          "gamma_mean": NaN,
          "gamma_std": NaN,
          "phase": "METASTABLE"
        },
        "gamma_trajectory": [
          NaN,
          NaN,
          NaN,
          NaN,
          -2.4150374992788444,
          -2.722466024471092,
          -2.9919626809345825,
          -3.120153250238596,
          -3.2223924213364485,
          -3.427010140944921,
          -3.6270879763938333,
          -3.807354922057605,
          -3.967578522307623,
          -4.119171700977679,
          -4.263034405833794,
          -4.396890152568585,
          NaN,
          NaN,
          NaN,
          NaN,
          NaN,
          NaN,
          NaN,
          NaN
        ],
        "n_turns": 24,
        "phase_trajectory": [
          "INITIALIZING",
          "INITIALIZING",
          "INITIALIZING",
          "INITIALIZING",
          "INITIALIZING",
          "INITIALIZING",
          "INITIALIZING",
          "DIVERGING",
          "DIVERGING",
          "DIVERGING",
          "DIVERGING",
          "DIVERGING",
          "DRIFTING",
          "DRIFTING",
          "DRIFTING",
          "DRIFTING",
          "DRIFTING",
          "DRIFTING",
          "METASTABLE",
          "METASTABLE",
          "METASTABLE",
          "METASTABLE",
          "METASTABLE",
          "METASTABLE"
        ],
        "seed": 7,
        "window": 16
      },
      "gamma_trajectory_rounded": [
        NaN,
        NaN,
        NaN,
        NaN,
        -2.415037,
        -2.722466,
        -2.991963,
        -3.120153,
        -3.222392,
        -3.42701,
        -3.627088,
        -3.807355,
        -3.967579,
        -4.119172,
        -4.263034,
        -4.39689,
        NaN,
        NaN,
        NaN,
        NaN,
        NaN,
        NaN,
        NaN,
        NaN
      ],
      "label": "SYNTHETIC \u2014 engineering verification only",
      "scenario": "llm_only_synthetic"
    }
  },
  "seed": 7,
  "timestamp_utc": "20260421T170205Z",
  "versions": {
    "neosynaptex": "3.0.0",
    "numpy": "2.4.3",
    "platform": "Linux-6.8.0-106-lowlatency-x86_64-with-glibc2.39",
    "python": "3.12.3",
    "scipy": "1.17.1"
  },
  "window": 16
}