{
  "source": "ODT_3year_archive",
  "total": 986,
  "productive": 970,
  "nonproductive": 16,
  "gamma_all": {
    "gamma": 0.5941,
    "r2": 0.0418,
    "n": 986,
    "ci": [
      0.45331067278699144,
      0.7371391799828466
    ]
  },
  "gamma_productive": {
    "gamma": 0.5986,
    "r2": 0.0476,
    "n": 970,
    "ci": [
      0.4693921428358286,
      0.7444675732744568
    ]
  },
  "gamma_nonproductive": {
    "gamma": -0.2369,
    "r2": 0.0885,
    "n": 16,
    "ci": [
      -1.4600007417776553,
      0.5694809696909431
    ]
  }
}