{
  "protocol_version": "1.3.0",
  "execution_date_utc": "2026-04-16T05:51:26.459141+00:00",
  "record_hash": "606f9f3f8b21488d",
  "config_hash": "c2429571878a19db",
  "freeze_hash": "0a13a3d7b6bce2d7",
  "immutable_config": {
    "protocol_version": "1.3.0",
    "resample_hz": 4.0,
    "rr_min_ms": 300.0,
    "rr_max_ms": 2000.0,
    "min_duration_s": 1200.0,
    "min_uniform_samples": 4800,
    "rr_truncate": 20000,
    "annotation_ext": {
      "nsrdb": "atr",
      "chfdb": "ecg"
    },
    "q_range": [
      -5.0,
      -4.5,
      -4.0,
      -3.5,
      -3.0,
      -2.5,
      -2.0,
      -1.5,
      -1.0,
      -0.5,
      0.0,
      0.5,
      1.0,
      1.5,
      2.0,
      2.5,
      3.0,
      3.5,
      4.0,
      4.5,
      5.0
    ],
    "scale_range": [
      32,
      1024
    ],
    "n_bootstrap": 10000,
    "n_permutation": 10000,
    "bootstrap_seed": 42,
    "perm_seed": 42,
    "loso_sign_hq2": "positive",
    "loso_sign_dh": "negative"
  },
  "nsr_n": 18,
  "chf_n": 15,
  "nsr_ids": [
    "16265",
    "16272",
    "16273",
    "16420",
    "16483",
    "16539",
    "16773",
    "16786",
    "16795",
    "17052",
    "17453",
    "18177",
    "18184",
    "19088",
    "19090",
    "19093",
    "19140",
    "19830"
  ],
  "chf_ids": [
    "chf01",
    "chf02",
    "chf03",
    "chf04",
    "chf05",
    "chf06",
    "chf07",
    "chf08",
    "chf09",
    "chf10",
    "chf11",
    "chf12",
    "chf13",
    "chf14",
    "chf15"
  ],
  "nsr_hq2_mean": 1.0024944444444444,
  "nsr_hq2_std": 0.1027943719689786,
  "nsr_dh_mean": 1.2083923890740838,
  "nsr_dh_std": 1.926573300364141,
  "chf_hq2_mean": 1.0307466666666667,
  "chf_hq2_std": 0.15865462429290803,
  "chf_dh_mean": 0.729898907959101,
  "chf_dh_std": 0.5259926396579293,
  "effect_sizes": {
    "h_q2": {
      "cohens_d": -0.21135019585994722,
      "ci_95": [
        -0.9943776853173087,
        0.4820220909793576
      ],
      "perm_p": 0.5489,
      "interpretation": "small"
    },
    "delta_h": {
      "cohens_d": 0.33883965563318275,
      "ci_95": [
        -0.7087129527389263,
        0.7688225911286091
      ],
      "perm_p": 0.4424,
      "interpretation": "small"
    }
  },
  "loso": {
    "h_q2": {
      "d_min": -0.3819475639620993,
      "d_max": -0.09558592215117594,
      "min_abs_d": 0.09558592215117594,
      "sign_stable": false,
      "expected_sign": "positive",
      "values": [
        -0.19302593120616324,
        -0.24299996785104788,
        -0.2944206335326106,
        -0.2255250512103813,
        -0.13916175836228623,
        -0.15133993236492793,
        -0.14847214841490775,
        -0.24050985452638393,
        -0.27244068614952677,
        -0.24541147178174463,
        -0.19902298675653785,
        -0.1809932393190273,
        -0.23980799760596516,
        -0.16989017801745282,
        -0.2066001272386376,
        -0.1785864287479651,
        -0.2041343822486612,
        -0.27223591527918084,
        -0.09558592215117594,
        -0.34970145645559825,
        -0.3819475639620993,
        -0.1663875941496521,
        -0.2546942463710032,
        -0.2893005960057152,
        -0.29515308265831314,
        -0.21151961170945108,
        -0.16021281610874624,
        -0.20931668652552485,
        -0.10674895053487667,
        -0.10911633284398535,
        -0.12579350809458764,
        -0.21015489778769447,
        -0.21494596262195742
      ]
    },
    "delta_h": {
      "d_min": 0.12871601517146244,
      "d_max": 0.41860070250408704,
      "min_abs_d": 0.12871601517146244,
      "sign_stable": false,
      "expected_sign": "negative",
      "values": [
        0.3591612161929005,
        0.3696393614040288,
        0.3680570338533693,
        0.36250922256259266,
        0.35425612683488406,
        0.3537333319771367,
        0.3675477419993896,
        0.369302827874183,
        0.36691520513339937,
        0.3489312415707753,
        0.3572601678490437,
        0.35062784997026925,
        0.3604413438634667,
        0.18402230765147393,
        0.33275552568393973,
        0.12871601517146244,
        0.33500339533362533,
        0.35637479734409433,
        0.3077346051498804,
        0.3615246930813313,
        0.3526560596462889,
        0.32358629596336386,
        0.3658746005818192,
        0.3175005108657274,
        0.3243456331173669,
        0.3286314469427515,
        0.41860070250408704,
        0.3372606097518645,
        0.31673527195443213,
        0.32285528684645237,
        0.3198377197655659,
        0.33324616989109834,
        0.3538274958109733
      ]
    }
  },
  "VERDICT": "DESCRIPTIVE_DISCRIMINATOR_UNSTABLE",
  "epistemic_status": {
    "descriptive_separation": "DESCRIPTIVE_DISCRIMINATOR_UNSTABLE",
    "surrogate_nonlinearity": "FROZEN",
    "cross_substrate_universality": "NOT_CLAIMED_HERE",
    "clinical_deployment": "PENDING"
  },
  "nsr_features": [
    {
      "record": "16265",
      "label": "NSR",
      "h_q2": 0.9643,
      "delta_h": 0.5075523493919131,
      "alpha_min": 0.9530425638961281,
      "alpha_max": 1.4605949132880411,
      "n_samples": 53174
    },
    {
      "record": "16272",
      "label": "NSR",
      "h_q2": 1.0767,
      "delta_h": 0.27688565235091644,
      "alpha_min": 0.9121020592851945,
      "alpha_max": 1.188987711636111,
      "n_samples": 74736
    },
    {
      "record": "16273",
      "label": "NSR",
      "h_q2": 1.1782,
      "delta_h": 0.3111938678121,
      "alpha_min": 1.1281312303616537,
      "alpha_max": 1.4393250981737538,
      "n_samples": 56908
    },
    {
      "record": "16420",
      "label": "NSR",
      "h_q2": 1.0388,
      "delta_h": 0.43295532700197015,
      "alpha_min": 0.9904223902040137,
      "alpha_max": 1.4233777172059838,
      "n_samples": 58227
    },
    {
      "record": "16483",
      "label": "NSR",
      "h_q2": 0.8329,
      "delta_h": 0.6183715019630025,
      "alpha_min": 0.6643980965774166,
      "alpha_max": 1.282769598540419,
      "n_samples": 51261
    },
    {
      "record": "16539",
      "label": "NSR",
      "h_q2": 0.8631,
      "delta_h": 0.6302904855914733,
      "alpha_min": 0.8576336978289056,
      "alpha_max": 1.487924183420379,
      "n_samples": 63618
    },
    {
      "record": "16773",
      "label": "NSR",
      "h_q2": 0.856,
      "delta_h": 0.3222759425836641,
      "alpha_min": 0.849082698477776,
      "alpha_max": 1.17135864106144,
      "n_samples": 44281
    },
    {
      "record": "16786",
      "label": "NSR",
      "h_q2": 1.0714,
      "delta_h": 0.28416686506436895,
      "alpha_min": 0.9972794148394972,
      "alpha_max": 1.2814462799038662,
      "n_samples": 61183
    },
    {
      "record": "16795",
      "label": "NSR",
      "h_q2": 1.1367,
      "delta_h": 0.33606666065719315,
      "alpha_min": 1.100962504555501,
      "alpha_max": 1.437029165212694,
      "n_samples": 56190
    },
    {
      "record": "17052",
      "label": "NSR",
      "h_q2": 1.0818,
      "delta_h": 0.7407460464546389,
      "alpha_min": 0.9108596556806194,
      "alpha_max": 1.6516057021352584,
      "n_samples": 66097
    },
    {
      "record": "17453",
      "label": "NSR",
      "h_q2": 0.9784,
      "delta_h": 0.5502858904797474,
      "alpha_min": 0.8652479871612737,
      "alpha_max": 1.4155338776410211,
      "n_samples": 55435
    },
    {
      "record": "18177",
      "label": "NSR",
      "h_q2": 0.9356,
      "delta_h": 0.7015202506121465,
      "alpha_min": 0.8692489890666639,
      "alpha_max": 1.5707692396788104,
      "n_samples": 53253
    },
    {
      "record": "18184",
      "label": "NSR",
      "h_q2": 1.0699,
      "delta_h": 0.478930155104063,
      "alpha_min": 0.9958522588637795,
      "alpha_max": 1.4747824139678425,
      "n_samples": 57370
    },
    {
      "record": "19088",
      "label": "NSR",
      "h_q2": 0.9087,
      "delta_h": 5.516272942949774,
      "alpha_min": 0.8628560097136102,
      "alpha_max": 6.379128952663384,