{
  "model": "gpt-4o-mini",
  "n_prompts": 200,
  "results": {
    "var_logprob": {
      "gamma": 0.2136,
      "beta": 0.2136,
      "H": -0.3932,
      "r2": -0.0275,
      "ci": [
        -0.1723,
        0.5647
      ],
      "p_perm": 0.2027,
      "n": 200
    },
    "mean_logprob": {
      "gamma": 0.2116,
      "beta": 0.2116,
      "H": -0.3942,
      "r2": -0.0271,
      "ci": [
        -0.1481,
        0.5437
      ],
      "p_perm": 0.2055,
      "n": 200
    },
    "control_var_logprob": {
      "gamma": 0.0058,
      "beta": 0.0058,
      "H": -0.4971,
      "r2": -0.018,
      "ci": [
        -0.2353,
        0.2438
      ],
      "p_perm": 0.9611,
      "n": 200
    }
  },
  "series": {
    "mean_logprob": [
      -0.4404432409949379,
      -100.69896553033892,
      -50.56718004803111,
      -0.6571078611256352,
      -50.640065798141066,
      -0.5878434873184115,
      -150.4303034130301,
      -50.44555902650499,
      -0.44275807164412984,
      -50.623785836213045,
      -0.6111721322907462,
      -111.71362896379006,
      -0.5165184232020742,
      -0.6293059925097664,
      -50.55642077333975,
      -50.698469678737446,
      -0.3032787499586334,
      -50.80008717983124,
      -50.58224806932569,
      -230.5908292511239,
      -50.5915751243173,
      -100.55754850924015,
      -0.32826196547162617,
      -0.4462782496726176,
      -0.02780735526292233,
      -50.624886356105186,
      -100.59049131480131,
      -0.6837142663718456,
      -0.7351740728718051,
      -50.61760368332212,
      -0.4738280447673091,
      -50.65168806394292,
      -0.3746882761587358,
      -150.6317540107993,
      -50.510995619956475,
      -0.5846122487104934,
      -0.44160114146936374,
      -50.65319321614369,
      -51.3158069840218,
      -0.4613823581694284,
      -0.17473536479686422,
      -0.7322207704282633,
      -0.622962161551166,
      -0.8775231404289133,
      -0.6715694364397813,
      -50.81760472480671,
      -0.2438141488261278,
      -50.58513875878508,
      -0.16155876012112458,
      -0.7431999162485659,
      -150.7833559294968,
      -0.5851872083747377,
      -0.4315245282538262,
      -100.6621319649301,
      -0.5114931556765316,
      -50.5125652800018,
      -0.2189948272762816,
      -50.828619078118955,
      -50.65386375616771,
      -0.8159948030015737,
      -50.65202806862517,
      -0.6037142169148623,
      -0.1922950725115072,
      -50.413750451972504,
      -0.8420231979400796,
      -50.7119921928011,
      -100.61845468385648,
      -0.7990514198709129,
      -50.61333161708512,
      -150.676187710846,
      -0.5107456875783851,
      -50.58592436082619,
      -0.2746669049308821,
      -100.6489399528573,
      -0.5815183601266606,
      -0.6375425755395855,
      -50.60237918216396,
      -150.673719627616,
      -0.5434561368073214,
      -0.5283028664643798,
      -0.23196687535770857,
      -0.6691032583554718,
      -0.6779084983868198,
      -0.6890892086042997,
      -0.6884741010099026,
      -50.5019797632455,
      -0.2690946734858715,
      -0.39174499204354646,
      -0.36169457554351536,
      -50.74299128077782,
      -0.5668621847848633,
      -78.78124649979587,
      -0.47864351026627877,
      -50.49967353867187,
      -150.45160253975158,
      -0.5519461462000101,
      -0.19917654046222283,
      -300.8112376062179,
      -150.635833948863,
      -198.1200767704343,
      -0.5240916254447135,
      -0.7196936906509689,
      -0.39360545711405237,
      -0.6737762379469666,
      -0.4001043855509384,
      -0.5787874552546599,
      -0.4521006132817831,
      -0.7066592391889756,
      -0.6172542190563326,
      -0.6119586640370696,
      -0.4226575422985195,
      -0.5292094840206072,
      -0.17648485222441146,
      -50.55350030263767,
      -0.39785314314905307,
      -0.5022490511965017,
      -100.47377323353165,
      -100.67945571858002,
      -0.40372135460700354,
      -50.42199016520846,
      -0.10330085614257062,
      -0.8087958134299068,
      -0.5834102040264836,
      -0.5629787444567629,
      -0.4732328052858423,
      -150.58634585401367,
      -50.554930509138174,
      -0.4764257530512518,
      -0.5015007559527682,
      -0.6876586179831514,
      -50.735839865807236,
      -0.6043774770811373,
      -0.539056122989785,
      -50.45311513876232,
      -50.50638738690032,
      -50.58758652013311,
      -0.653714720510935,
      -0.7829684677900791,
      -50.6292437322939,
      -59.61076774367647,
      -0.5708817359611958,
      -50.57520328294338,
      -0.4969987073666878,
      -100.5486629108122,
      -0.26720608649298405,
      -50.72682015782711,
      -150.7307921070017,
      -100.76763763082279,
      -0.48399204253032413,
      -0.7322633550015789,
      -0.6830557513565861,
      -50.720401502822654,
      -0.7911947085115741,
      -0.5156915647262764,
      -50.60409578879804,
      -0.7232526294273701,
      -50.59620227984874,
      -100.69593032724799,
      -0.5422897415000865,
      -0.5948519588977655,
      -0.1757491235478786,
      -0.5836888086003419,
      -0.667426572324326,
      -100.66017681081821,
      -0.6698720112866732,
      -50.714946012642876,
      -0.518935378543736,
      -50.37231621329127,
      -0.5538246470037848,
      -0.6981127481533812,
      -50.62099917090765,
      -0.7192670972673676,
      -0.3768326036167152,
      -150.60073517939017,
      -50.50793627501197,
      -0.45175281271562306,
      -0.11415360841850049,
      -50.730093898930555,
      -100.64138476274348,
      -50.77483911594975,
      -0.6529774788345142,
      -50.60048525133623,
      -0.43419813804126106,
      -0.5321515840596541,
      -0.07957494304655484,
      -100.69855438408482,
      -0.5688727777130896,
      -0.822761162793073,
      -0.48706211894787216,
      -0.6660269268194439,
      -0.6269259952447267,
      -0.6097669170630472,
      -0.9821919961184904,
      -50.619767818720085,
      -0.5376675312123744,
      -0.764636429666864,
      -0.4046666585912261,
      -50.6203565310088,
      -100.65592466194597,
      -50.51001073771107
    ],