{
  "experiment": "closed_loop_coupling",
  "prediction": "\u03b3_coupled > 0.5",
  "model": "gpt-4o-mini",
  "n_steps": 200,
  "coupled": {
    "gamma": {
      "gamma": -0.2297,
      "ci": [
        -0.3456,
        0.3115
      ],
      "p_perm": 0.1926,
      "r2": -0.0653,
      "n": 146,
      "beta": -0.2297
    },
    "gamma_mean": {
      "gamma": -0.0692,
      "ci": [
        -0.3347,
        0.2962
      ],
      "p_perm": 0.6907,
      "r2": -0.0864,
      "n": 146,
      "beta": -0.0692
    },
    "var_series": [
      0.6309058560166055,
      1.150586906772506,
      1.7372084037873758,
      1.0988906027685947,
      1.4550907517375824,
      1.0156960690284411,
      1.1466635588724605,
      0.6697191271083912,
      0.5384297280144689,
      1.1181245253989405,
      0.9661018147658648,
      0.8626921713543563,
      1.0550556117596386,
      1.1008272892444835,
      1.0551878230269387,
      0.7142597848571627,
      0.8678908800241021,
      1.2543837254929402,
      0.7824850870247103,
      1.7911504031366285,
      0.6274535518783442,
      1.411136620226398,
      1.2630777956302137,
      0.8900993861396834,
      1.2175540182191757,
      1.4717703580153656,
      0.7373660189891466,
      1.7484904438897804,
      1.0033945719675985,
      1.5437062941829551,
      0.5014394670629001,
      0.9621224203822095,
      1.4071489549909084,
      1.4613571395648133,
      0.7636252379749661,
      0.8748993046005581,
      1.649268339967658,
      1.5603043783392159,
      0.7065952492705472,
      1.1532426564752696,
      1.1374708765989885,
      1.2168381308293572,
      1.9274319885859825,
      0.9624677194362566,
      1.3656301297133873,
      0.6316213730095804,
      0.873246599412374,
      1.6474044131933638,
      0.9557395853236988,
      0.6998005185469367,
      0.5649510444278493,
      0.7581797608825385,
      0.754207524552371,
      1.4139864955522805,
      1.2320525373557278,
      1.0178500219510138,
      0.5341186132515693,
      1.0040463880276935,
      1.137379756193786,
      1.934121371170595,
      1.12449846563186,
      0.8211861361010949,
      1.4617959543283656,
      0.696907909060339,
      1.0170106582963394,
      2.379080293305359,
      0.7570521117406879,
      1.450088592968699,
      1.2920979633804326,
      0.9079373546694098,
      0.8854158544080474,
      1.451169905095066,
      0.9460237013688955,
      0.7775139951941619,
      0.7910075819701551,
      0.9197593119274726,
      0.47399246605979406,
      1.0719693686953278,
      0.5848443497907945,
      1.2555495710188171,
      0.6348090813293579,
      1.2993644120479757,
      1.019057365427569,
      0.7618786142273763,
      1.2865812729187427,
      0.9666733612564599,
      0.902062792969769,
      1.1682445478906023,
      1.4108166149572425,
      1.0974285829133628,
      1.4652679480621416,
      0.8816372284378284,
      1.2509783141680235,
      1.604589924778722,
      0.6389966889257724,
      1.0896690108529392,
      1.9026708100235565,
      0.960831330386231,
      0.9475825430379115,
      1.4748846424756195,
      2.199404239630768,
      0.5961951928973268,
      1.2582502149815977,
      1.1646695504648061,
      1.0248533621385718,
      0.761220770862228,
      0.8051100838154623,
      1.0897595132998776,
      1.8047934995519779,
      0.8700044387694099,
      1.1379365628801272,
      0.7596161800483437,
      1.372142925628794,
      0.7744475570856536,
      0.8035767043159788,
      0.7171286915097873,
      0.6287916469235239,
      0.9784669684420705,
      1.253965096061069,
      0.7567180133126405,
      0.6394757792423692,
      1.28398923176648,
      0.6077862425947549,
      0.9153982557110791,
      1.434305792342026,
      0.40439528450845386,
      1.048907471935568,
      1.141614211890776,
      0.6970770520042099,
      1.223601260695361,
      1.2462317207881417,
      0.2756809098093716,
      0.6357318297160087,
      0.8530280767104695,
      0.6644490082976072,
      2.246158948086485,
      0.670208777495724,
      1.083112801414003,
      1.3406286163748626,
      1.1870205022087683,
      0.9488666681275659,
      0.981184781032551,
      0.523609540110014,
      1.6247057185158413,
      1.2236662952257593,
      1.3808367159311377
    ],