{
  "Gray-Scott": {
    "global": {
      "alpha": -0.004604,
      "beta": 0.050089,
      "R2": 0.3746,
      "n": 1800
    },
    "phase_pre": {
      "alpha": -0.000481,
      "beta": 0.009185,
      "R2": 0.6027,
      "n": 30
    },
    "phase_during": {
      "alpha": -0.002716,
      "beta": 0.034154,
      "R2": -0.0639,
      "n": 270
    },
    "phase_post": {
      "alpha": -0.007145,
      "beta": 0.06846,
      "R2": 0.4807,
      "n": 1500
    },
    "hk_ci": 0.6568
  },
  "FitzHugh-Nagumo": {
    "global": {
      "alpha": -7.238292,
      "beta": 9.765428,
      "R2": 0.7889,
      "n": 1638
    },
    "phase_post": {
      "alpha": -7.238292,
      "beta": 9.765428,
      "R2": 0.7889,
      "n": 1638
    },
    "hk_ci": 0.6125
  },
  "Cahn-Hilliard": {
    "global": {
      "alpha": 2.891027,
      "beta": -2.463203,
      "R2": 0.9714,
      "n": 1729
    },
    "phase_during": {
      "alpha": 3.92383,
      "beta": -3.634962,
      "R2": 0.9992,
      "n": 180
    },
    "phase_post": {
      "alpha": 2.808415,
      "beta": -2.570909,
      "R2": 0.8881,
      "n": 1548
    },
    "hk_ci": 0.9319
  }
}