{
  "single_seed": {
    "gray_scott": {
      "name": "Gray-Scott (Turing RD)",
      "M_morph": 0.291303,
      "M_trajectory": [
        0.326407,
        0.297093,
        0.284404,
        0.277369,
        0.271242,
        0.264815,
        0.260639,
        0.258907,
        0.26358,
        0.313193
      ],
      "M_mean": 0.281765,
      "M_std": 0.022225,
      "N": 64,
      "T": 200
    },
    "fhn": {
      "name": "FitzHugh-Nagumo 2D",
      "M_morph": 0.637923,
      "M_trajectory": [
        1.0,
        1.0,
        0.744799,
        0.5957,
        0.535268,
        0.555614,
        0.367549,
        0.304456,
        0.318742,
        0.271974,
        0.300796,
        0.241032,
        0.291178,
        0.222713,
        0.231183,
        0.204056,
        0.092242
      ],
      "M_mean": 0.428077,
      "M_std": 0.263401,
      "N": 64,
      "T": 500
    },
    "cahn_hilliard": {
      "name": "Cahn-Hilliard",
      "M_morph": 0.125,
      "M_trajectory": [
        1.0,
        0.0,
        0.0,
        0.0,
        0.0,
        0.0,
        0.0,
        0.0,
        0.0,
        0.0,
        0.0,
        0.0,
        0.0,
        0.0,
        0.0,
        0.0,
        0.0
      ],
      "M_mean": 0.058824,
      "M_std": 0.235294,
      "N": 64,
      "T": 500
    },
    "cv_percent": 60.8
  },
  "multi_seed": {
    "gray_scott": {
      "M_mean": 0.336417,
      "M_std": 0.000872,
      "M_cv": 0.26,
      "M_values": [
        0.336812,
        0.336677,
        0.335978,
        0.335013,
        0.337605
      ],
      "n_seeds": 5
    },
    "fhn": {
      "M_mean": 0.411111,
      "M_std": 0.029868,
      "M_cv": 7.27,
      "M_values": [
        0.443602,
        0.396373,
        0.385411,
        0.450408,
        0.37976
      ],
      "n_seeds": 5
    },
    "cahn_hilliard": {
      "M_mean": 0.107102,
      "M_std": 0.01778,
      "M_cv": 16.6,
      "M_values": [
        0.072219,
        0.118385,
        0.117581,
        0.109155,
        0.118168
      ],
      "n_seeds": 5
    },
    "cross_substrate_cv_percent": 45.41,
    "cross_substrate_mean": 0.284877
  },
  "verdict": "NOT_INVARIANT",
  "compute_seconds": 23.0
}