{
  "protocol": "STEP-1 HRV IAAFT Calibration",
  "protocol_version": "v2.0.0",
  "execution_date": "2026-04-15T14:01:15.729569+00:00",
  "pipeline_provenance": "iaaft_surrogate imported verbatim from run_eegbci_dh_replication; mfdfa from substrates.physionet_hrv.mfdfa; rr_to_uniform_4hz from substrates.physionet_hrv.hrv_gamma_fit",
  "dataset": "PhysioNet NSR2DB",
  "records_used": [
    "nsr001",
    "nsr002",
    "nsr003",
    "nsr004",
    "nsr005"
  ],
  "rr_truncate": 20000,
  "config": {
    "scale_range": [
      32,
      1024
    ],
    "q_range": [
      -5.0,
      5.0
    ],
    "q_step": 0.5,
    "n_iaaft": 20,
    "fs_uniform_hz": 4.0,
    "sep_threshold": 0.05
  },
  "n_records_attempted": 5,
  "n_records_completed": 5,
  "h_q2": {
    "mean": 0.8286199999999999,
    "std": 0.13553540349296198
  },
  "dh_real": {
    "mean": 0.80306,
    "std": 0.24339476247446246
  },
  "dh_iaaft": {
    "mean": 0.5173,
    "std": 0.16213290535853603
  },
  "sep": {
    "mean": -0.28575999999999996,
    "std": 0.09547384668064861,
    "per_record": [
      -0.20775,
      -0.41989999999999994,
      -0.19399999999999995,
      -0.2247,
      -0.38244999999999996
    ],
    "nonlinear_fraction": 0.0
  },
  "VERDICT": "CALIBRATION_FAIL",
  "interpretation": "sep_HRV = -0.286 \u00b1 0.095 < 0.05. Our MFDFA+IAAFT pipeline cannot detect HRV nonlinearity. STOP: both EEG and HRV FAIL_LINEAR are likely pipeline artefacts. Do NOT run B1. Review mfdfa Q range, scale window, iteration count.",
  "eeg_sep_ref": 0.02,
  "delta_hrv_vs_eeg": -0.30576,
  "records": [
    {
      "record": "nsr001",
      "n_rr_raw": 20000,
      "n_uniform": 50998,
      "h_q2": 1.0178,
      "dh_real": 0.4605,
      "dh_iaaft_median": 0.25275000000000003,
      "dh_iaaft_mean": 0.24734499999999998,
      "dh_iaaft_std": 0.06260721583811246,
      "sep": -0.20775,
      "nonlinear": false,
      "dh_iaaft_all": [
        0.2917,
        0.0663,
        0.1582,
        0.267,
        0.2999,
        0.2542,
        0.2513,
        0.2956,
        0.1963,
        0.2363,
        0.2319,
        0.3042,
        0.2495,
        0.2033,
        0.1732,
        0.3275,
        0.2314,
        0.3149,
        0.2843,
        0.3099
      ]
    },
    {
      "record": "nsr002",
      "n_rr_raw": 20000,
      "n_uniform": 54800,
      "h_q2": 0.7549,
      "dh_real": 1.1353,
      "dh_iaaft_median": 0.7154,
      "dh_iaaft_mean": 0.694295,
      "dh_iaaft_std": 0.05495444909195251,
      "sep": -0.41989999999999994,
      "nonlinear": false,
      "dh_iaaft_all": [
        0.7136,
        0.6054,
        0.6372,
        0.5367,
        0.7225,
        0.6499,
        0.7172,
        0.6516,
        0.6515,
        0.6925,
        0.6932,
        0.7036,
        0.7301,
        0.7403,
        0.7589,
        0.728,
        0.7401,
        0.7198,
        0.7476,
        0.7462
      ]
    },
    {
      "record": "nsr003",
      "n_rr_raw": 20000,
      "n_uniform": 68977,
      "h_q2": 0.6718,
      "dh_real": 0.7535,
      "dh_iaaft_median": 0.5595,
      "dh_iaaft_mean": 0.557105,
      "dh_iaaft_std": 0.04172642418180595,
      "sep": -0.19399999999999995,
      "nonlinear": false,
      "dh_iaaft_all": [
        0.6308,
        0.576,
        0.4934,
        0.5336,
        0.6148,
        0.5409,
        0.5557,
        0.538,
        0.5413,
        0.5912,
        0.5317,
        0.6007,
        0.5994,
        0.5978,
        0.5054,
        0.5686,
        0.5818,
        0.5009,
        0.5633,
        0.4768
      ]
    },
    {
      "record": "nsr004",
      "n_rr_raw": 20000,
      "n_uniform": 62391,
      "h_q2": 0.9615,
      "dh_real": 0.6538,
      "dh_iaaft_median": 0.42910000000000004,
      "dh_iaaft_mean": 0.41716,
      "dh_iaaft_std": 0.048448440635380625,
      "sep": -0.2247,
      "nonlinear": false,
      "dh_iaaft_all": [
        0.3379,
        0.4587,
        0.4477,
        0.4452,
        0.4269,
        0.3495,
        0.4229,
        0.4514,
        0.3858,
        0.3995,
        0.3109,
        0.4498,
        0.4313,
        0.4688,
        0.3484,
        0.4474,
        0.3956,
        0.494,
        0.4032,
        0.4683
      ]
    },
    {
      "record": "nsr005",
      "n_rr_raw": 20000,
      "n_uniform": 48980,
      "h_q2": 0.7371,
      "dh_real": 1.0122,
      "dh_iaaft_median": 0.62975,
      "dh_iaaft_mean": 0.616315,
      "dh_iaaft_std": 0.05240670066890302,
      "sep": -0.38244999999999996,
      "nonlinear": false,
      "dh_iaaft_all": [
        0.6845,
        0.5847,
        0.6017,
        0.6378,
        0.6409,
        0.6546,
        0.5597,
        0.5852,
        0.6193,
        0.6288,
        0.6635,
        0.5876,
        0.6307,
        0.4442,
        0.6374,
        0.6041,
        0.6466,
        0.6691,
        0.5733,
        0.6726
      ]
    }
  ]
}