{
  "complexity": {
    "adex_update": "O(200)",
    "conductance_decay": "O(200)",
    "criticality_estimation": "O(200)",
    "full_step": "O(1990 + 200)",
    "nmda_mg_block": "O(200)",
    "poisson_input": "O(200)",
    "synapse_propagation": "O(1990)"
  },
  "configuration": {
    "dt_ms": 0.1,
    "neurons": 200,
    "seed": 42,
    "steps": 100,
    "synapses": 1990
  },
  "kernels": {
    "adex_update": {
      "avg_memory_mb": 0.0,
      "avg_time_sec": 7.907001005150959e-05,
      "call_count": 100,
      "max_time_sec": 0.0001530170002297382,
      "min_time_sec": 6.364399996527936e-05,
      "total_time_sec": 0.00790700100515096
    },
    "conductance_decay": {
      "avg_memory_mb": 0.0,
      "avg_time_sec": 6.6656000217335536e-06,
      "call_count": 100,
      "max_time_sec": 1.9326999790791888e-05,
      "min_time_sec": 5.30299985257443e-06,
      "total_time_sec": 0.0006665600021733553
    },
    "criticality_estimation": {
      "avg_memory_mb": 0.0,
      "avg_time_sec": 1.5138359913180466e-05,
      "call_count": 100,
      "max_time_sec": 5.14069997734623e-05,
      "min_time_sec": 1.2172999959148001e-05,
      "total_time_sec": 0.0015138359913180466
    },
    "full_step": {
      "avg_memory_mb": 0.0,
      "avg_time_sec": 0.00018192346002251724,
      "call_count": 100,
      "max_time_sec": 0.0003152819999741041,
      "min_time_sec": 0.00015024999993329402,
      "total_time_sec": 0.018192346002251725
    },
    "network_setup": {
      "avg_memory_mb": 0.0,
      "avg_time_sec": 0.0004848769995078328,
      "call_count": 1,
      "max_time_sec": 0.0004848769995078328,
      "min_time_sec": 0.0004848769995078328,
      "total_time_sec": 0.0004848769995078328
    },
    "nmda_mg_block": {
      "avg_memory_mb": 0.0,
      "avg_time_sec": 8.339450023413519e-06,
      "call_count": 100,
      "max_time_sec": 1.5220999557641335e-05,
      "min_time_sec": 6.749000021954998e-06,
      "total_time_sec": 0.0008339450023413519
    },
    "poisson_input": {
      "avg_memory_mb": 0.0,
      "avg_time_sec": 6.74309002533846e-06,
      "call_count": 100,
      "max_time_sec": 1.4205000297806691e-05,
      "min_time_sec": 5.385999429563526e-06,
      "total_time_sec": 0.0006743090025338461
    },
    "synapse_propagation": {
      "avg_memory_mb": 0.0,
      "avg_time_sec": 2.1057459962321444e-05,
      "call_count": 100,
      "max_time_sec": 5.880000026081689e-05,
      "min_time_sec": 1.7348999790556263e-05,
      "total_time_sec": 0.0021057459962321445
    }
  },
  "metadata": {
    "description": "Performance Jacobian - gradient of cost w.r.t. kernels",
    "note": "Use this to identify O(N\u00b2) operations and optimization surfaces",
    "platform": "Linux-6.12.13-x86_64-with-glibc2.39",
    "python_version": "3.12.12"
  },
  "regime_id": "alloc_v2"
}