{
  "complexity": {
    "adex_update": "O(200)",
    "conductance_decay": "O(200)",
    "criticality_estimation": "O(200)",
    "full_step": "O(1990 + 200)",
    "nmda_mg_block": "O(200)",
    "poisson_input": "O(200)",
    "synapse_propagation": "O(1990)"
  },
  "configuration": {
    "dt_ms": 0.1,
    "neurons": 200,
    "seed": 42,
    "steps": 100,
    "synapses": 1990
  },
  "kernels": {
    "adex_update": {
      "avg_memory_mb": 0.0,
      "avg_time_sec": 7.393741999294435e-05,
      "call_count": 100,
      "max_time_sec": 0.00017841599947132636,
      "min_time_sec": 6.381200000760145e-05,
      "total_time_sec": 0.007393741999294434
    },
    "conductance_decay": {
      "avg_memory_mb": 0.0,
      "avg_time_sec": 6.485039966719341e-06,
      "call_count": 100,
      "max_time_sec": 1.688900010776706e-05,
      "min_time_sec": 5.328000042936765e-06,
      "total_time_sec": 0.0006485039966719341
    },
    "criticality_estimation": {
      "avg_memory_mb": 0.0,
      "avg_time_sec": 1.463413999772456e-05,
      "call_count": 100,
      "max_time_sec": 4.274700040696189e-05,
      "min_time_sec": 1.2398999388096854e-05,
      "total_time_sec": 0.001463413999772456
    },
    "full_step": {
      "avg_memory_mb": 0.0,
      "avg_time_sec": 0.0001802490799491352,
      "call_count": 100,
      "max_time_sec": 0.0002618469998196815,
      "min_time_sec": 0.0001512990002083825,
      "total_time_sec": 0.01802490799491352
    },
    "network_setup": {
      "avg_memory_mb": 0.0,
      "avg_time_sec": 0.0004592989998855046,
      "call_count": 1,
      "max_time_sec": 0.0004592989998855046,
      "min_time_sec": 0.0004592989998855046,
      "total_time_sec": 0.0004592989998855046
    },
    "nmda_mg_block": {
      "avg_memory_mb": 0.0,
      "avg_time_sec": 8.231789952333201e-06,
      "call_count": 100,
      "max_time_sec": 2.3628000235476065e-05,
      "min_time_sec": 6.913999641255941e-06,
      "total_time_sec": 0.0008231789952333202
    },
    "poisson_input": {
      "avg_memory_mb": 0.0,
      "avg_time_sec": 7.101710016286234e-06,
      "call_count": 100,
      "max_time_sec": 1.62050000653835e-05,
      "min_time_sec": 5.502000021806452e-06,
      "total_time_sec": 0.0007101710016286233
    },
    "synapse_propagation": {
      "avg_memory_mb": 0.0,
      "avg_time_sec": 2.2106360047473574e-05,
      "call_count": 100,
      "max_time_sec": 7.128099969122559e-05,
      "min_time_sec": 1.7657999705988914e-05,
      "total_time_sec": 0.0022106360047473572
    }
  },
  "metadata": {
    "description": "Performance Jacobian - gradient of cost w.r.t. kernels",
    "note": "Use this to identify O(N\u00b2) operations and optimization surfaces",
    "platform": "Linux-6.12.13-x86_64-with-glibc2.39",
    "python_version": "3.12.12"
  },
  "regime_id": "alloc_v2"
}