{
  "complexity": {
    "adex_update": "O(200)",
    "conductance_decay": "O(200)",
    "criticality_estimation": "O(200)",
    "full_step": "O(1990 + 200)",
    "nmda_mg_block": "O(200)",
    "poisson_input": "O(200)",
    "synapse_propagation": "O(1990)"
  },
  "configuration": {
    "dt_ms": 0.1,
    "neurons": 200,
    "seed": 42,
    "steps": 100,
    "synapses": 1990
  },
  "kernels": {
    "adex_update": {
      "avg_memory_mb": 0.0,
      "avg_time_sec": 8.95384900013596e-05,
      "call_count": 100,
      "max_time_sec": 0.00017110299995692912,
      "min_time_sec": 6.395600030373316e-05,
      "total_time_sec": 0.00895384900013596
    },
    "conductance_decay": {
      "avg_memory_mb": 0.0,
      "avg_time_sec": 8.410770005866652e-06,
      "call_count": 100,
      "max_time_sec": 6.888899952173233e-05,
      "min_time_sec": 5.282000529405195e-06,
      "total_time_sec": 0.0008410770005866652
    },
    "criticality_estimation": {
      "avg_memory_mb": 0.0,
      "avg_time_sec": 1.7573490104041412e-05,
      "call_count": 100,
      "max_time_sec": 4.40459998571896e-05,
      "min_time_sec": 1.2479999895731453e-05,
      "total_time_sec": 0.0017573490104041412
    },
    "full_step": {
      "avg_memory_mb": 0.0,
      "avg_time_sec": 0.0002144245699764724,
      "call_count": 100,
      "max_time_sec": 0.00035539999953471124,
      "min_time_sec": 0.00015349800014519133,
      "total_time_sec": 0.02144245699764724
    },
    "network_setup": {
      "avg_memory_mb": 0.0,
      "avg_time_sec": 0.0004902380005660234,
      "call_count": 1,
      "max_time_sec": 0.0004902380005660234,
      "min_time_sec": 0.0004902380005660234,
      "total_time_sec": 0.0004902380005660234
    },
    "nmda_mg_block": {
      "avg_memory_mb": 0.0,
      "avg_time_sec": 1.0158090090044425e-05,
      "call_count": 100,
      "max_time_sec": 6.031900011294056e-05,
      "min_time_sec": 6.829000085417647e-06,
      "total_time_sec": 0.0010158090090044425
    },
    "poisson_input": {
      "avg_memory_mb": 0.0,
      "avg_time_sec": 8.635160029371036e-06,
      "call_count": 100,
      "max_time_sec": 2.0837000192841515e-05,
      "min_time_sec": 5.542000508285128e-06,
      "total_time_sec": 0.0008635160029371036
    },
    "synapse_propagation": {
      "avg_memory_mb": 0.0,
      "avg_time_sec": 2.374863998738874e-05,
      "call_count": 100,
      "max_time_sec": 5.34249993506819e-05,
      "min_time_sec": 1.7639999896346126e-05,
      "total_time_sec": 0.002374863998738874
    }
  },
  "metadata": {
    "description": "Performance Jacobian - gradient of cost w.r.t. kernels",
    "note": "Use this to identify O(N\u00b2) operations and optimization surfaces",
    "platform": "Linux-6.12.13-x86_64-with-glibc2.39",
    "python_version": "3.12.12"
  },
  "regime_id": "alloc_v2"
}