{
  "cohort": "chf2db",
  "panel": {
    "dfa_alpha1": 0.6329037432931224,
    "dfa_alpha2": 1.2555570391766304,
    "hf_power_ms2": 47.59646732833719,
    "lf_hf_ratio": 0.5471945590801744,
    "lf_power_ms2": 26.044527953503398,
    "n_rr": 101707,
    "n_rr_clipped": 0,
    "poincare_sd1_ms": 15.284129887622028,
    "poincare_sd2_ms": 58.41648731851909,
    "rmssd_ms": 21.614917520289577,
    "rr_duration_s": 80450.9453125,
    "sample_entropy": 1.605690665892285,
    "sdnn_ms": 42.69713466414581,
    "total_power_ms2": 239.8106356558806
  },
  "record": "chf208"
}
