{
  "cohort": "nsr2db",
  "panel": {
    "dfa_alpha1": 1.1428378110320392,
    "dfa_alpha2": 1.0784699927543677,
    "hf_power_ms2": 60.2284351597651,
    "lf_hf_ratio": 3.2697688668651295,
    "lf_power_ms2": 196.93306218540505,
    "n_rr": 115069,
    "n_rr_clipped": 0,
    "poincare_sd1_ms": 15.583307625710809,
    "poincare_sd2_ms": 165.45791817659375,
    "rmssd_ms": 22.038029233158632,
    "rr_duration_s": 84917.578125,
    "sample_entropy": 1.167910537268311,
    "sdnn_ms": 117.51417396188839,
    "total_power_ms2": 829.4115221254152
  },
  "record": "nsr011"
}
