{
  "cohort": "nsr2db",
  "panel": {
    "dfa_alpha1": 1.1942319463673494,
    "dfa_alpha2": 1.070965464400991,
    "hf_power_ms2": 131.16896772165225,
    "lf_hf_ratio": 3.263800991637827,
    "lf_power_ms2": 428.1094069220388,
    "n_rr": 94375,
    "n_rr_clipped": 0,
    "poincare_sd1_ms": 20.922472577806925,
    "poincare_sd2_ms": 239.15497291527552,
    "rmssd_ms": 29.58868776979606,
    "rr_duration_s": 81321.515625,
    "sample_entropy": 0.2622035830920355,
    "sdnn_ms": 169.75401457531902,
    "total_power_ms2": 1948.4214705420852
  },
  "record": "nsr046"
}
