{
  "cohort": "nsrdb",
  "panel": {
    "dfa_alpha1": 1.2434111006113184,
    "dfa_alpha2": 0.9886286341007253,
    "hf_power_ms2": 506.501714602623,
    "lf_hf_ratio": 3.308080594281926,
    "lf_power_ms2": 1675.5484930474595,
    "n_rr": 99765,
    "n_rr_clipped": 0,
    "poincare_sd1_ms": 31.194310636997805,
    "poincare_sd2_ms": 239.45313161352365,
    "rmssd_ms": 44.11519616236641,
    "rr_duration_s": 79603.3828125,
    "sample_entropy": 1.119413826901057,
    "sdnn_ms": 170.74965191127183,
    "total_power_ms2": 4979.156409221224
  },
  "record": "16265"
}
