{
  "cohort": "nsrdb",
  "panel": {
    "dfa_alpha1": 1.109935268572407,
    "dfa_alpha2": 0.899608927031047,
    "hf_power_ms2": 300.0751035716731,
    "lf_hf_ratio": 2.376871330248491,
    "lf_power_ms2": 713.2399106008563,
    "n_rr": 115177,
    "n_rr_clipped": 0,
    "poincare_sd1_ms": 25.705256579856954,
    "poincare_sd2_ms": 163.20223159379174,
    "rmssd_ms": 36.35256466594953,
    "rr_duration_s": 80312.5078125,
    "sample_entropy": 0.8075757051504135,
    "sdnn_ms": 116.82407417358358,
    "total_power_ms2": 1886.8991148006135
  },
  "record": "18177"
}
