{
  "cohort": "nsrdb",
  "panel": {
    "dfa_alpha1": 1.3723294507083323,
    "dfa_alpha2": 0.9633812601745324,
    "hf_power_ms2": 395.96911809583975,
    "lf_hf_ratio": 5.730184105275779,
    "lf_power_ms2": 2268.9759466928485,
    "n_rr": 66765,
    "n_rr_clipped": 0,
    "poincare_sd1_ms": 32.03433185290909,
    "poincare_sd2_ms": 179.06400359265186,
    "rmssd_ms": 45.303047296295674,
    "rr_duration_s": 63289.8671875,
    "sample_entropy": 1.013823866804335,
    "sdnn_ms": 128.62759385118645,
    "total_power_ms2": 6977.877316626358
  },
  "record": "19093"
}
