{
  "cohort": "nsrdb",
  "panel": {
    "dfa_alpha1": 0.9980574791325684,
    "dfa_alpha2": 1.0482798850894508,
    "hf_power_ms2": 835.6928491978118,
    "lf_hf_ratio": 1.326112953907814,
    "lf_power_ms2": 1108.2231128093476,
    "n_rr": 86965,
    "n_rr_clipped": 0,
    "poincare_sd1_ms": 42.57765925113538,
    "poincare_sd2_ms": 220.07576571651649,
    "rmssd_ms": 60.213556987603795,
    "rr_duration_s": 75976.703125,
    "sample_entropy": 0.5549598660166365,
    "sdnn_ms": 158.50268092845758,
    "total_power_ms2": 5260.656045997663
  },
  "record": "17052"
}
