{
  "cohort": "nsrdb",
  "panel": {
    "dfa_alpha1": 1.3958371985741687,
    "dfa_alpha2": 1.140123700492946,
    "hf_power_ms2": 134.66198710496707,
    "lf_hf_ratio": 5.403087329450996,
    "lf_power_ms2": 727.590476285541,
    "n_rr": 85414,
    "n_rr_clipped": 0,
    "poincare_sd1_ms": 19.480198715213977,
    "poincare_sd2_ms": 189.8823544726536,
    "rmssd_ms": 27.549000052647155,
    "rr_duration_s": 78702.5078125,
    "sample_entropy": 1.1089636453083886,
    "sdnn_ms": 134.97182424873478,
    "total_power_ms2": 3350.852605510329
  },
  "record": "16272"
}
