{
  "cohort": "nsrdb",
  "panel": {
    "dfa_alpha1": 1.1550802883225046,
    "dfa_alpha2": 0.952339551539485,
    "hf_power_ms2": 442.51559765055026,
    "lf_hf_ratio": 2.34760722551746,
    "lf_power_ms2": 1038.8528144486088,
    "n_rr": 100169,
    "n_rr_clipped": 0,
    "poincare_sd1_ms": 27.53564291493448,
    "poincare_sd2_ms": 143.36916379228956,
    "rmssd_ms": 38.941085280590315,
    "rr_duration_s": 74150.71875,
    "sample_entropy": 1.3715104106168314,
    "sdnn_ms": 103.23015246825692,
    "total_power_ms2": 3058.1142552450756
  },
  "record": "17453"
}
