{
  "cohort": "nsrdb",
  "panel": {
    "dfa_alpha1": 1.237149912376406,
    "dfa_alpha2": 1.0562348986202392,
    "hf_power_ms2": 163.957060040237,
    "lf_hf_ratio": 3.029810559485422,
    "lf_power_ms2": 496.75883181209537,
    "n_rr": 101726,
    "n_rr_clipped": 0,
    "poincare_sd1_ms": 19.779953173774594,
    "poincare_sd2_ms": 141.26748446415806,
    "rmssd_ms": 27.972940552659672,
    "rr_duration_s": 77532.5234375,
    "sample_entropy": 0.7383741170968193,
    "sdnn_ms": 100.86562525059728,
    "total_power_ms2": 1912.4412602472742
  },
  "record": "16420"
}
