{
  "cohort": "nsrdb",
  "panel": {
    "dfa_alpha1": 1.1830219951211987,
    "dfa_alpha2": 0.9916547895761652,
    "hf_power_ms2": 371.92787000347664,
    "lf_hf_ratio": 1.971697935395523,
    "lf_power_ms2": 733.3294134019094,
    "n_rr": 80084,
    "n_rr_clipped": 0,
    "poincare_sd1_ms": 22.839467970282875,
    "poincare_sd2_ms": 145.0212815758519,
    "rmssd_ms": 32.299683698957466,
    "rr_duration_s": 56389.1640625,
    "sample_entropy": 0.8045672706654834,
    "sdnn_ms": 103.80947309149609,
    "total_power_ms2": 2465.892891171183
  },
  "record": "19088"
}
