{
  "cohort": "nsrdb",
  "panel": {
    "dfa_alpha1": 1.334573164468929,
    "dfa_alpha2": 1.0109654284046812,
    "hf_power_ms2": 171.2690319449654,
    "lf_hf_ratio": 4.169666849008059,
    "lf_power_ms2": 714.1348047626245,
    "n_rr": 81103,
    "n_rr_clipped": 0,
    "poincare_sd1_ms": 18.125777983699102,
    "poincare_sd2_ms": 139.95956739460976,
    "rmssd_ms": 25.633563114532205,
    "rr_duration_s": 68876.0703125,
    "sample_entropy": 1.1604386557317612,
    "sdnn_ms": 99.79284626865963,
    "total_power_ms2": 2199.5038963940005
  },
  "record": "19090"
}
