{
  "cohort": "nsrdb",
  "panel": {
    "dfa_alpha1": 0.9231306850407806,
    "dfa_alpha2": 1.0100900399341888,
    "hf_power_ms2": 1222.4117607326461,
    "lf_hf_ratio": 1.1653920520378793,
    "lf_power_ms2": 1424.5889502754558,
    "n_rr": 86114,
    "n_rr_clipped": 0,
    "poincare_sd1_ms": 46.38304471727019,
    "poincare_sd2_ms": 295.2432096503751,
    "rmssd_ms": 65.59515004389682,
    "rr_duration_s": 73982.1640625,
    "sample_entropy": 0.6028975468925841,
    "sdnn_ms": 211.32905583698098,
    "total_power_ms2": 5379.805217244375
  },
  "record": "16795"
}
