{
  "cohort": "nsrdb",
  "panel": {
    "dfa_alpha1": 1.2827159509247221,
    "dfa_alpha2": 0.9063423904471634,
    "hf_power_ms2": 152.6573138899574,
    "lf_hf_ratio": 4.237529413163568,
    "lf_power_ms2": 646.8898577432377,
    "n_rr": 108665,
    "n_rr_clipped": 0,
    "poincare_sd1_ms": 17.18154429394686,
    "poincare_sd2_ms": 184.9244093697087,
    "rmssd_ms": 24.298261160342374,
    "rr_duration_s": 74940.3671875,
    "sample_entropy": 0.5489965566754038,
    "sdnn_ms": 131.3244886627404,
    "total_power_ms2": 1730.0185969458048
  },
  "record": "19830"
}
