{"mycelium_fractal_net.neurochem.config_types": 1774253386.5488176, "mycelium_fractal_net.intervention.trace": 1774263176.6980324, "mycelium_fractal_net.types.detection": 1774443154.255501, "mycelium_fractal_net": 1774434610.714209, "mycelium_fractal_net.core.membrane_engine": 1774253077.5850518, "mycelium_fractal_net.core.causal_validation": 1774253960.559469, "mycelium_fractal_net.bio.fhn": 1774370403.7196155, "mycelium_fractal_net.analytics.causal_emergence": 1774419801.405579, "mycelium_fractal_net.pipelines.reporting": 1774443154.2545009, "mycelium_fractal_net.neurochem.calibration": 1774188830.6512084, "mycelium_fractal_net.core.reaction_diffusion_engine": 1774421693.390183, "mycelium_fractal_net.core.exceptions": 1774253077.5540516, "mycelium_fractal_net.types": 1774253077.5880518, "mycelium_fractal_net.analytics.change_points": 1774253077.5710516, "mycelium_fractal_net.types.ews": 1774281846.0567462, "mycelium_fractal_net.types.scenario": 1774107007.7083235, "mycelium_fractal_net.pipelines.forecasting": 1774253077.5810518, "mycelium_fractal_net.security.input_validation": 1774253077.5910518, "mycelium_fractal_net.core.explanation_trace": 1774263176.6660323, "mycelium_fractal_net.adapters.field_adapter": 1774253077.5690517, "mycelium_fractal_net.integration.api_server": 1774253077.5790517, "mycelium_fractal_net.integration.crypto_adapters": 1774266555.83465, "mycelium_fractal_net.types.ensemble": 1774282611.4321144, "mycelium_fractal_net.core.causal_rules": 1774414398.4755757, "mycelium_fractal_net.intervention.levers": 1774262402.5147266, "mycelium_fractal_net.security.secrets_manager": 1774253077.5910518, "mycelium_fractal_net.cli_display": 1774253386.5518177, "mycelium_fractal_net.crypto.signatures": 1774253386.5438175, "mycelium_fractal_net.analytics.fractal_arsenal": 1774419761.0691905, "mycelium_fractal_net.neurochem.kinetics": 1774421605.5991466, "mycelium_fractal_net.core.diagnostic_memory": 1774373566.5663464, "mycelium_fractal_net.bio.physarum": 1774421728.135979, "mycelium_fractal_net.core.simulate": 1774415624.1972728, "mycelium_fractal_net.integration.rate_limiter": 1774253077.5810518, "mycelium_fractal_net.experiments": 1774107007.7053235, "mycelium_fractal_net.pipelines.scenarios": 1774359362.7319708, "mycelium_fractal_net.core.watch": 1774283222.099075, "mycelium_fractal_net.integration.ws_manager": 1774253077.5760517, "mycelium_fractal_net.integration.data_integrations": 1774253077.5600517, "mycelium_fractal_net.analytics.drift": 1774253077.5740516, "mycelium_fractal_net.integration.logging_config": 1774253077.5690517, "mycelium_fractal_net.intervention": 1774262402.5147266, "mycelium_fractal_net.analytics.insight_architect": 1774253077.5800517, "mycelium_fractal_net.core.turing": 1774253077.5610516, "mycelium_fractal_net.integration.auth": 1774253077.5830517, "mycelium_fractal_net.pipelines": 1774253077.5800517, "mycelium_fractal_net.core.ensemble": 1774282634.9231873, "mycelium_fractal_net.bio.dispersal": 1774370418.583647, "mycelium_fractal_net.numerics.update_rules": 1774253077.5790517, "mycelium_fractal_net.neurochem.dopamine": 1774437447.052901, "mycelium_fractal_net.integration": 1774253077.5860517, "mycelium_fractal_net.experiments.generate_dataset": 1774443154.2515008, "mycelium_fractal_net.numerics": 1774269562.908924, "mycelium_fractal_net.intervention.filtering": 1774262402.5147266, "mycelium_fractal_net.bio.morphospace": 1774419882.772512, "mycelium_fractal_net.bio.extension": 1774428750.8722765, "mycelium_fractal_net.core.unified_engine": 1774425070.925455, "mycelium_fractal_net.core.diagnose": 1774379507.7663028, "mycelium_fractal_net.analytics.rmt_spectral": 1774416120.5591576, "mycelium_fractal_net.analytics.connectivity": 1774253077.5730517, "mycelium_fractal_net.bio.levin_pipeline": 1774429288.1430829, "mycelium_fractal_net.security.encryption": 1774253386.5528176, "mycelium_fractal_net.bio.memory": 1774349541.425053, "mycelium_fractal_net.bio.compute_reserve": 1774370473.7327616, "mycelium_fractal_net.core.report": 1774415624.1952727, "mycelium_fractal_net.analytics.legacy_features": 1774253386.5518177, "mycelium_fractal_net.types.causal": 1774174249.2108753, "mycelium_fractal_net.signal": 1774253077.5890517, "mycelium_fractal_net.core.fractal": 1774253077.5710516, "mycelium_fractal_net.analytics.unified_score": 1774428926.2890518, "mycelium_fractal_net.core.types": 1774253386.5418174, "mycelium_fractal_net.neurochem.profiles": 1774251119.835879, "mycelium_fractal_net.integration.crypto_config": 1774253077.5890517, "mycelium_fractal_net.core.detect": 1774379440.8447993, "mycelium_fractal_net.bio.persuasion": 1774416968.681648, "mycelium_fractal_net.signal.denoise_1d": 1774253386.5588176, "mycelium_fractal_net.neurochem.mwc": 1774253386.5528176, "mycelium_fractal_net.core.reaction_diffusion_config": 1774428703.331659, "mycelium_fractal_net.neurochem.constants": 1774253386.5508175, "mycelium_fractal_net.core.metacognition": 1774380516.7612135, "mycelium_fractal_net.core.__main__": 1774185084.4130707, "mycelium_fractal_net.integration.api_config": 1774253077.5880518, "mycelium_fractal_net.config_profiles": 1774253077.5560515, "mycelium_fractal_net.bio": 1774370350.1535003, "mycelium_fractal_net.crypto.symmetric": 1774253386.5448174, "mycelium_fractal_net.core.engine": 1774253077.5740516, "mycelium_fractal_net.integration.ws_schemas": 1774253077.5780518, "mycelium_fractal_net.types.exceptions": 1774169967.8533964, "mycelium_fractal_net.core": 1774253077.5570517, "mycelium_fractal_net.core.forecast": 1774415624.1932728, "mycelium_fractal_net.pipelines.scenarios.regime_transition": 1774169967.8523962, "mycelium_fractal_net.model_pkg.biophysics": 1774273439.5157845, "mycelium_fractal_net.integration.service_context": 1774253077.5570517, "mycelium_fractal_net.analytics.tda_ews": 1774419857.7508984, "mycelium_fractal_net.cli": 1774253077.5660517, "mycelium_fractal_net.api": 1774443154.261501, "mycelium_fractal_net.analytics.fisher_information": 1774416042.3459725, "mycelium_fractal_net._optional": 1774253077.5670516, "mycelium_fractal_net.types.features": 1774443154.256501, "mycelium_fractal_net.model_pkg.aggregation": 1774283222.099075, "mycelium_fractal_net.integration.runtime_config": 1774253077.5780518, "mycelium_fractal_net.security": 1774253077.5830517, "mycelium_fractal_net.core.rule_registry": 1774253077.5910518, "mycelium_fractal_net.core.reaction_diffusion_compat": 1774253077.5880518, "mycelium_fractal_net.cli_doctor": 1774253077.5690517, "mycelium_fractal_net.analytics.fractal_dynamics": 1774374759.791974, "mycelium_fractal_net.core.inverse": 1774283222.100075, "mycelium_fractal_net.analytics.wasserstein_geometry": 1774420713.76372, "mycelium_fractal_net.bio.chemotaxis": 1774370432.517676, "mycelium_fractal_net.model": 1774283222.0910752, "mycelium_fractal_net.intervention.search": 1774263176.6970322, "mycelium_fractal_net.analytics.temporal_features": 1774253077.5590515, "mycelium_fractal_net.analytics.fractal_features": 1774374745.4548764, "mycelium_fractal_net.adapters": 1774169967.8443964, "mycelium_fractal_net.types.symbolic": 1774169967.8543963, "mycelium_fractal_net.bio.evolution": 1774370581.5229776, "mycelium_fractal_net.api_v1": 1774283269.481728, "mycelium_fractal_net.model_pkg.network": 1774283222.104075, "mycelium_fractal_net.analytics.embedding": 1774253077.5750518, "mycelium_fractal_net.crypto": 1774253077.5660517, "mycelium_fractal_net.analytics.multiscale": 1774253077.5570517, "mycelium_fractal_net.signal.preprocessor": 1774253077.590052, "mycelium_fractal_net.types.analytics": 1774253077.5870519, "mycelium_fractal_net.core.extract": 1774415624.1902728, "mycelium_fractal_net.pipelines.scenarios.synthetic_morphology": 1774169967.8523962, "mycelium_fractal_net.core.federated": 1774253077.5630517, "mycelium_fractal_net.types.forecast": 1774443154.258501, "mycelium_fractal_net.core.nernst": 1774265443.3104138, "mycelium_fractal_net.crypto.key_exchange": 1774253386.5428176,