{
  "results": [
    {
      "task": "anomaly_detection_quality",
      "engine_score": 0.5826824382398089,
      "baseline_score": 0.4710083091054671,
      "delta": 0.11167412913434183,
      "label": "anomalous"
    },
    {
      "task": "regime_detection_quality",
      "engine_score": 0.7535842751417023,
      "baseline_score": 0.04807632103510235,
      "delta": 0.7055079541065999,
      "label": "reorganized"
    },
    {
      "task": "forecast_structural_quality",
      "engine_score": 1.0,
      "baseline_score": 1.0,
      "delta": 0.0,
      "label": "adaptive_descriptor_extrapolation"
    },
    {
      "task": "morphology_comparison_quality",
      "engine_score": 0.9999997477999282,
      "baseline_score": 0.9999999972305634,
      "delta": -2.4943063525739717e-07,
      "label": "near-identical"
    }
  ],
  "summary": {
    "mean_engine_score": 0.8340666152953599,
    "mean_baseline_score": 0.6297711568427832,
    "mean_delta": 0.20429545845257663,
    "min_engine_score": 0.5826824382398089,
    "max_engine_score": 1.0,
    "forecast_engine_error": 0.00018534062626464836,
    "forecast_persistence_error": 0.0
  }
}
