{
  "zebrafish_wt": {
    "gamma": -1.0575696226768376,
    "ci_low": -1.0744235892407017,
    "ci_high": -1.0509803759252774,
    "n_eff": 3,
    "block_size": 81
  },
  "gray_scott": {
    "gamma": -0.9812544057154253,
    "ci_low": -0.9812544057154253,
    "ci_high": -0.9812544057154253,
    "n_eff": 3,
    "block_size": 162
  },
  "kuramoto": {
    "gamma": -0.9651895022905486,
    "ci_low": -0.9789949626427681,
    "ci_high": -0.9595656492300276,
    "n_eff": 3,
    "block_size": 81
  },
  "bnsyn": {
    "gamma": -0.9480922099173291,
    "ci_low": -0.9503397030583506,
    "ci_high": -0.94602477079578,
    "n_eff": 3,
    "block_size": 122
  },
  "mock_spike": {
    "gamma": -0.9515537357850683,
    "ci_low": -0.9538318356916486,
    "ci_high": -0.9494480657748037,
    "n_eff": 3,
    "block_size": 122
  },
  "mock_morpho": {
    "gamma": -1.001500890529932,
    "ci_low": -1.0164305754831022,
    "ci_high": -0.9954329009794598,
    "n_eff": 3,
    "block_size": 81
  },
  "mock_psyche": {
    "gamma": -1.0527927814728613,
    "ci_low": -1.069546298505773,
    "ci_high": -1.046238037558963,
    "n_eff": 3,
    "block_size": 81
  },
  "mock_market": {
    "gamma": -1.0930519357877602,
    "ci_low": -1.1110007451899102,
    "ci_high": -1.086048774567387,
    "n_eff": 3,
    "block_size": 81
  },
  "nfi_unified": {
    "gamma": -0.901131718194421,
    "ci_low": -0.913284922225711,
    "ci_high": -0.8963224592842108,
    "n_eff": 3,
    "block_size": 81
  },
  "cns_ai_loop": {
    "gamma": -1.0615773457116893,
    "ci_low": -1.0785928337928408,
    "ci_high": -1.0549635859564332,
    "n_eff": 3,
    "block_size": 81
  }
}