{
  "branches_from_baseline": {
    "branch_a_spectral": {
      "claim_status": "measured_but_bounded",
      "description": "Frequency-domain evidence (Welch PSD bands + time-domain variance surface)",
      "metrics": [
        "sdnn_ms",
        "total_power_ms2",
        "lf_power_ms2",
        "hf_power_ms2",
        "lf_hf_ratio"
      ],
      "per_cohort": {
        "chf2db": {
          "hf_power_ms2": {
            "max": 422.9586160339209,
            "mean": 84.38634561897511,
            "min": 3.8213072000306862,
            "n_finite": 29,
            "std": 102.94896950289369
          },
          "lf_hf_ratio": {
            "max": 4.468949622671954,
            "mean": 1.9811186720552274,
            "min": 0.5471945590801744,
            "n_finite": 29,
            "std": 1.1034222231217476
          },
          "lf_power_ms2": {
            "max": 1890.180747530643,
            "mean": 223.82361594168748,
            "min": 3.2783259360724792,
            "n_finite": 29,
            "std": 395.77783607157824
          },
          "sdnn_ms": {
            "max": 201.63464120940182,
            "mean": 72.37113153281624,
            "min": 20.198219365804345,
            "n_finite": 29,
            "std": 43.0337671275793
          },
          "total_power_ms2": {
            "max": 7886.6820323857855,
            "mean": 1089.6063907925807,
            "min": 40.62175622107756,
            "n_finite": 29,
            "std": 1581.8975059068734
          }
        },
        "chfdb": {
          "hf_power_ms2": {
            "max": 978.8208330264312,
            "mean": 147.84070670561874,
            "min": 6.44090887619728,
            "n_finite": 15,
            "std": 252.65164324238813
          },
          "lf_hf_ratio": {
            "max": 3.4071968125661845,
            "mean": 1.1841727301881046,
            "min": 0.24168731017908163,
            "n_finite": 15,
            "std": 0.7689132082317691
          },
          "lf_power_ms2": {
            "max": 277.9541971093798,
            "mean": 105.2597754532762,
            "min": 5.754765083482221,
            "n_finite": 15,
            "std": 94.36316105639061
          },
          "sdnn_ms": {
            "max": 100.45604575114176,
            "mean": 60.4314835003304,
            "min": 26.51946550339945,
            "n_finite": 15,
            "std": 21.83048427426099
          },
          "total_power_ms2": {
            "max": 1480.4600562216115,
            "mean": 524.7895811431296,
            "min": 34.70367491418336,
            "n_finite": 15,
            "std": 406.19941534838796
          }
        },
        "nsr2db": {
          "hf_power_ms2": {
            "max": 1160.3064748695033,
            "mean": 189.37633879420426,
            "min": 28.345566550509865,
            "n_finite": 54,
            "std": 196.01543139330462
          },
          "lf_hf_ratio": {
            "max": 15.054930306411682,
            "mean": 4.435916231788677,
            "min": 0.919224357028514,
            "n_finite": 54,
            "std": 2.7144637272800556
          },
          "lf_power_ms2": {
            "max": 1830.826783914564,
            "mean": 641.4130947958568,
            "min": 104.42998098222407,
            "n_finite": 54,
            "std": 446.16943132916515
          },
          "sdnn_ms": {
            "max": 243.40503734244473,
            "mean": 139.5668844100886,
            "min": 85.84978395068201,
            "n_finite": 54,
            "std": 30.400022184299882
          },
          "total_power_ms2": {
            "max": 5091.734254080242,
            "mean": 2275.2186427657866,
            "min": 712.950610609125,
            "n_finite": 54,
            "std": 1178.215967757753
          }
        },
        "nsrdb": {
          "hf_power_ms2": {
            "max": 3166.7586931384235,
            "mean": 601.2711818056306,
            "min": 44.939853272743036,
            "n_finite": 18,
            "std": 712.9257947225507
          },
          "lf_hf_ratio": {
            "max": 12.62784565917273,
            "mean": 3.357774681512328,
            "min": 0.8686487040920574,
            "n_finite": 18,
            "std": 2.7187624066949585
          },
          "lf_power_ms2": {
            "max": 2750.800834966949,
            "mean": 1194.1037763928216,
            "min": 496.75883181209537,
            "n_finite": 18,
            "std": 714.9332708074957
          },
          "sdnn_ms": {
            "max": 211.32905583698098,
            "mean": 128.20176099531753,
            "min": 88.73107079334113,
            "n_finite": 18,
            "std": 31.767500830735003
          },
          "total_power_ms2": {
            "max": 9031.513470001537,
            "mean": 3819.8374190500235,
            "min": 1278.6711675577433,
            "n_finite": 18,
            "std": 2180.249964710962
          }
        }
      }
    },
    "branch_b_nonlinear": {
      "claim_status": "measured_but_bounded",
      "description": "Scaling / fractal / complexity evidence (DFA \u03b1, Poincar\u00e9, sample entropy)",
      "metrics": [
        "rmssd_ms",
        "dfa_alpha1",
        "dfa_alpha2",
        "poincare_sd1_ms",
        "poincare_sd2_ms",
        "sample_entropy"
      ],
      "per_cohort": {
        "chf2db": {
          "dfa_alpha1": {
            "max": 1.3738426172880986,
            "mean": 0.9936900530996378,
            "min": 0.4679194476454837,
            "n_finite": 29,
            "std": 0.24795710125917847
          },
          "dfa_alpha2": {
            "max": 1.5599104242407436,
            "mean": 1.2234240159757355,
            "min": 0.725292800955746,
            "n_finite": 29,
            "std": 0.15714951426829218
          },
          "poincare_sd1_ms": {
            "max": 30.123965217884727,
            "mean": 13.46653512452912,
            "min": 5.12544448795574,
            "n_finite": 29,
            "std": 6.02012015991167
          },
          "poincare_sd2_ms": {
            "max": 283.5588189262328,
            "mean": 101.34791457588535,
            "min": 27.92430303614233,
            "n_finite": 29,
            "std": 60.75181381025497
          },
          "rmssd_ms": {
            "max": 42.60148288656126,
            "mean": 19.044462234979687,
            "min": 7.248444743712034,
            "n_finite": 29,
            "std": 8.513691565087782
          },
          "sample_entropy": {
            "max": 1.7720312925406063,
            "mean": 1.0233333027018605,
            "min": 0.2796059408521538,
            "n_finite": 29,
            "std": 0.39521330791937903
          }
        },
        "chfdb": {
          "dfa_alpha1": {
            "max": 1.2577004734847843,
            "mean": 0.7936109452278423,
            "min": 0.351155515627094,
            "n_finite": 15,
            "std": 0.25341922656406385
          },
          "dfa_alpha2": {
            "max": 1.3217226544054836,
            "mean": 1.0997104706520693,
            "min": 0.5273794075569994,
            "n_finite": 15,
            "std": 0.23983961781095792
          },
          "poincare_sd1_ms": {
            "max": 82.4785936240299,
            "mean": 19.19400064456842,
            "min": 6.2049157731844975,
            "n_finite": 15,
            "std": 18.818989676449593
          },
          "poincare_sd2_ms": {
            "max": 141.6363141598991,
            "mean": 81.53072583611146,
            "min": 36.987337311837855,
            "n_finite": 15,
            "std": 30.130302980662147
          },
          "rmssd_ms": {
            "max": 116.64179507177678,
            "mean": 27.14427703848534,
            "min": 8.77503783831506,
            "n_finite": 15,
            "std": 26.613943341481658
          },
          "sample_entropy": {
            "max": 1.7682435341117135,
            "mean": 0.9956122496165012,
            "min": 0.5128992404608633,