{
  "test_1_seed_stability": {
    "n_seeds": 50,
    "M_mean": 0.105673,
    "M_std": 0.000317,
    "M_cv_percent": 0.3,
    "M_min": 0.104855,
    "M_max": 0.106456,
    "M_values": [
      0.105612,
      0.106179,
      0.105726,
      0.105419,
      0.105898,
      0.105643,
      0.10613,
      0.105625,
      0.10523,
      0.105387,
      0.105727,
      0.105884,
      0.105419,
      0.105631,
      0.104855,
      0.105466,
      0.105761,
      0.105661,
      0.106099,
      0.105813,
      0.105873,
      0.104934,
      0.106011,
      0.105407,
      0.105792,
      0.105568,
      0.105614,
      0.105713,
      0.105324,
      0.105686,
      0.105491,
      0.106025,
      0.106179,
      0.106057,
      0.105704,
      0.106456,
      0.105245,
      0.105888,
      0.105711,
      0.105659,
      0.105524,
      0.105209,
      0.105808,
      0.105847,
      0.105608,
      0.105253,
      0.106154,
      0.105743,
      0.105595,
      0.105406
    ],
    "H_mean": 0.14597,
    "W2_mean": 2.02142,
    "I_mean": 0.466989
  },
  "test_2_grid_convergence": {
    "grid_sizes": {
      "16": {
        "M_mean": 0.180878,
        "M_std": 0.001681,
        "n_valid": 5
      },
      "24": {
        "M_mean": 0.129023,
        "M_std": 0.000437,
        "n_valid": 5
      },
      "32": {
        "M_mean": 0.105767,
        "M_std": 0.000258,
        "n_valid": 5
      },
      "48": {
        "M_mean": 0.081873,
        "M_std": 6.6e-05,
        "n_valid": 5
      },
      "64": {
        "M_mean": 0.102981,
        "M_std": 0.000105,
        "n_valid": 5
      }
    },
    "converging": true
  },
  "test_3_parameter_plateau": {
    "n_valid": 100,
    "M_median": 0.108318,
    "M_mean": 0.11086,
    "M_std": 0.007846,
    "M_cv_percent": 7.08,
    "M_min": 0.101946,
    "M_max": 0.127865,
    "plateau_fraction": 1.0,
    "grid": [
      [
        0.127865,
        0.120703,
        0.115364,
        0.111769,
        0.109264,
        0.107372,
        0.105992,
        0.104795,
        0.103528,
        0.101946
      ],
      [
        0.127865,
        0.120703,
        0.115364,
        0.111769,
        0.109264,
        0.107372,
        0.105992,
        0.104795,
        0.103528,
        0.101946
      ],
      [
        0.127865,
        0.120703,
        0.115364,
        0.111769,
        0.109264,
        0.107372,
        0.105992,
        0.104795,
        0.103528,
        0.101946
      ],
      [
        0.127865,
        0.120703,
        0.115364,
        0.111769,
        0.109264,
        0.107372,
        0.105992,
        0.104795,
        0.103528,
        0.101946
      ],
      [
        0.127865,
        0.120703,
        0.115364,
        0.111769,
        0.109264,
        0.107372,
        0.105992,
        0.104795,
        0.103528,
        0.101946
      ],
      [
        0.127865,
        0.120703,
        0.115364,
        0.111769,
        0.109264,
        0.107372,
        0.105992,
        0.104795,
        0.103528,
        0.101946
      ],
      [
        0.127865,
        0.120703,
        0.115364,
        0.111769,
        0.109264,
        0.107372,
        0.105992,
        0.104795,
        0.103528,
        0.101946
      ],
      [
        0.127865,
        0.120703,
        0.115364,
        0.111769,
        0.109264,
        0.107372,
        0.105992,
        0.104795,
        0.103528,
        0.101946
      ],
      [
        0.127865,
        0.120703,
        0.115364,
        0.111769,
        0.109264,
        0.107372,
        0.105992,
        0.104795,
        0.103528,
        0.101946
      ],
      [
        0.127865,
        0.120703,
        0.115364,
        0.111769,
        0.109264,
        0.107372,
        0.105992,
        0.104795,
        0.103528,
        0.101946
      ]
    ],
    "alphas": [
      0.05,
      0.0711,
      0.0922,
      0.1133,
      0.1344,
      0.1556,
      0.1767,
      0.1978,
      0.2189,
      0.24
    ],
    "thresholds": [
      0.2,
      0.2778,
      0.3556,
      0.4333,
      0.5111,
      0.5889,
      0.6667,
      0.7444,
      0.8222,
      0.9
    ]
  },
  "test_4_temporal_profile": {
    "seeds": {
      "42": {
        "M_all": [
          0.105808,
          0.106642,
          0.106926,
          0.106939,
          0.106837,
          0.106695,
          0.106607,
          0.106641,
          0.106582,
          0.10637,
          0.106194,
          0.106142,
          0.105937,
          0.105532,
          0.105026,
          0.10412,
          0.102618,
          0.100779,
          0.098839,
          0.096968,
          0.095051,
          0.09322,
          0.091414,
          0.089623,
          0.087844,
          0.086075,
          0.084299,
          0.082533,
          0.080828,
          0.078951,
          0.077175,
          0.075429,
          0.073688,
          0.072034,
          0.070155,
          0.068347,
          0.066436,
          0.064613,
          0.062807,
          0.061,
          0.059183,
          0.057351,
          0.055438,
          0.053608,
          0.051312,
          0.049244,
          0.048438,
          0.048269,
          0.043877,
          0.041462,
          0.039041,
          0.036469,
          0.033937,
          0.03133,
          0.029348,
          0.025474,
          0.021776,
          0.01763,
          0.012383,
          0.0
        ],
        "morphogenesis_mean": 0.085053,
        "morphogenesis_std": 0.020182,
        "morphogenesis_cv_percent": 23.73,
        "convergence_mean": 0.027727,
        "convergence_std": 0.012432
      },
      "7": {
        "M_all": [
          0.105625,
          0.106446,
          0.106833,
          0.106903,
          0.106816,
          0.106703,
          0.106629,
          0.106632,
          0.10656,
          0.10637,
          0.106205,
          0.106102,
          0.105877,
          0.105445,
          0.104841,
          0.103823,
          0.102282,
          0.100405,
          0.098613,
          0.096871,
          0.094982,
          0.093134,
          0.091308,
          0.089498,
          0.087701,
          0.08585,
          0.084038,
          0.082431,
          0.080638,
          0.078831,
          0.076887,
          0.075089,
          0.073346,
          0.071504,
          0.069721,
          0.06795,
          0.066181,
          0.064409,
          0.062874,
          0.061029,
          0.059208,
          0.057382,
          0.055542,
          0.054046,
          0.052065,
          0.050123,
          0.04817,
          0.046193,
          0.044179,
          0.042115,
          0.040013,
          0.040134,
          0.036364,
          0.03355,
          0.031444,
          0.028446,
          0.02831,
          0.023729,
          0.019205,
          0.0
        ],
        "morphogenesis_mean": 0.084919,
        "morphogenesis_std": 0.020191,
        "morphogenesis_cv_percent": 23.78,
        "convergence_mean": 0.030624,
        "convergence_std": 0.01177
      },