{
  "results": {
    "Subcritical": {
      "tau_rec_ms": 2000.0,
      "sigma": 1.0155,
      "n_spikes": 6111,
      "sim_seconds": 3.5,
      "M_from_initial": [
        0.0,
        0.300646,
        0.306643,
        0.292204,
        0.288262,
        0.373481,
        0.404297,
        0.305776,
        0.30079,
        0.268762,
        0.283268,
        0.291023,
        0.305471,
        0.291661,
        0.290206,
        0.37494,
        0.30665,
        0.266083,
        0.290568,
        0.290394,
        0.373623,
        0.281375,
        0.356177,
        0.291237,
        0.266797,
        0.303344,
        0.314762,
        0.363265,
        0.294969,
        0.278849
      ],
      "M_from_final": [
        0.288804,
        0.197622,
        0.228758,
        0.19499,
        0.211776,
        0.313697,
        0.366659,
        0.225655,
        0.230014,
        0.210182,
        0.198953,
        0.222529,
        0.225321,
        0.21632,
        0.206512,
        0.304783,
        0.221532,
        0.187449,
        0.224485,
        0.206405,
        0.321646,
        0.181142,
        0.302779,
        0.198866,
        0.196912,
        0.207985,
        0.215603,
        0.306614,
        0.19642,
        0.20605
      ],
      "dM_dt_neg_initial_pct": 51.7,
      "dM_dt_neg_final_pct": 48.3,
      "M_initial_start": 0.0,
      "M_initial_end": 0.278849,
      "M_initial_mean": 0.298517,
      "M_final_start": 0.288804,
      "M_final_end": 0.20605,
      "M_final_mean": 0.233882,
      "overall_descent": false
    },
    "Critical": {
      "tau_rec_ms": 800.0,
      "sigma": 1.0067,
      "n_spikes": 6105,
      "sim_seconds": 1.9,
      "M_from_initial": [
        0.0,
        0.293906,
        0.271567,
        0.298569,
        0.30498,
        0.339642,
        0.305959,
        0.283978,
        0.287799,
        0.309072,
        0.295586,
        0.384619,
        0.300358,
        0.281381,
        0.308594,
        0.282268,
        0.287695,
        0.299,
        0.305674,
        0.355478,
        0.285269,
        0.2877,
        0.310967,
        0.302842,
        0.300345,
        0.287848,
        0.290819,
        0.319279,
        0.277759,
        0.368415
      ],
      "M_from_final": [
        0.307888,
        0.197901,
        0.178614,
        0.212093,
        0.206429,
        0.293681,
        0.203839,
        0.182453,
        0.198892,
        0.212073,
        0.210223,
        0.311208,
        0.200157,
        0.178133,
        0.215347,
        0.194215,
        0.217804,
        0.192516,
        0.196198,
        0.30431,
        0.189039,
        0.171016,
        0.191785,
        0.209156,
        0.201131,
        0.195989,
        0.194571,
        0.210401,
        0.179291,
        0.307317
      ],
      "dM_dt_neg_initial_pct": 41.4,
      "dM_dt_neg_final_pct": 55.2,
      "M_initial_start": 0.0,
      "M_initial_end": 0.368415,
      "M_initial_mean": 0.294246,
      "M_final_start": 0.307888,
      "M_final_end": 0.307317,
      "M_final_mean": 0.215456,
      "overall_descent": false
    },
    "Supercritical": {
      "tau_rec_ms": 200.0,
      "sigma": 1.0103,
      "n_spikes": 6101,
      "sim_seconds": 0.7,
      "M_from_initial": [
        0.0,
        0.291412,
        0.3973,
        0.290859,
        0.286391,
        0.363882,
        0.281931,
        0.281036,
        0.355011,
        0.31016,
        0.29359,
        0.280454,
        0.288274,
        0.363143,
        0.293656,
        0.290448,
        0.293396,
        0.301393,
        0.31211,
        0.297298,
        0.274844,
        0.283138,
        0.288589,
        0.296039,
        0.289237,
        0.302336,
        0.376975,
        0.297704,
        0.295381,
        0.297979
      ],
      "M_from_final": [
        0.295414,
        0.184934,
        0.329713,
        0.201843,
        0.199048,
        0.293728,
        0.193078,
        0.195309,
        0.300239,
        0.213968,
        0.200562,
        0.212879,
        0.197121,
        0.268881,
        0.193758,
        0.202395,
        0.199983,
        0.202747,
        0.206483,
        0.209107,
        0.180619,
        0.180607,
        0.198814,
        0.187969,
        0.18929,
        0.178426,
        0.310954,
        0.189043,
        0.19284,
        0.200003
      ],
      "dM_dt_neg_initial_pct": 48.3,
      "dM_dt_neg_final_pct": 48.3,
      "M_initial_start": 0.0,
      "M_initial_end": 0.297979,
      "M_initial_mean": 0.295799,
      "M_final_start": 0.295414,
      "M_final_end": 0.200003,
      "M_final_mean": 0.216992,
      "overall_descent": false
    }
  },
  "compute_seconds": 6.4
}