{
  "claim_id": "C-002",
  "generated_at": "2026-04-21T07:45:13Z",
  "script_path": "experiments/lemma_1_verification/verify_kuramoto_gamma_unity.py",
  "script_sha256": "3eff96cd14be4d6c8689e6de3d5bded6bd4599406dc005739b16d0eade8e76d3",
  "random_seed": 7,
  "parameters": {
    "graph": "complete",
    "N_values": [
      30,
      100,
      300,
      1000,
      3000
    ],
    "samples_per_N": 48,
    "frequency_distribution": "Cauchy",
    "Delta": 0.5,
    "r_threshold": 0.3,
    "T_sim": 120.0,
    "dt": 0.1,
    "K_grid": [
      0.2,
      0.4,
      0.6,
      0.8,
      1.0,
      1.2,
      1.4,
      1.6,
      1.8,
      2.0,
      2.2,
      2.4,
      2.6,
      2.8,
      3.0,
      3.2,
      3.6,
      4.0
    ],
    "omega_clip_abs": 15.0,
    "bootstrap_resamples": 2000,
    "method": "mean-field self-consistency: K_c = median(K * (1 - r^2)) over supercritical K grid filtered by r >= r_threshold and r < 0.999",
    "r_threshold_role": "supercritical-sample filter for the mean-field fit (not a transition detector)"
  },
  "asymptotic_fit": {
    "N_values_used": [
      100,
      300,
      1000,
      3000
    ],
    "gamma_hat": 0.987,
    "gamma_CI95": [
      0.9748,
      0.9986
    ],
    "A_hat": 0.9107,
    "A_CI95": [
      0.8345,
      0.9909
    ],
    "theory_A": 1.0
  },
  "full_fit": {
    "N_values_used": [
      30,
      100,
      300,
      1000,
      3000
    ],
    "gamma_hat_all": 0.9943,
    "gamma_CI95_all": [
      0.9811,
      1.0079
    ],
    "A_hat_all": 0.957
  },
  "adapter_verification": {
    "file": "substrates/kuramoto/adapter.py",
    "delta_matches": 0,
    "delta_value": 0.5,
    "present": true
  },
  "raw_K_mf_c_by_N": {
    "30": [
      1.260403,
      0.989479,
      0.636895,
      0.947393,
      1.578017,
      1.375804,
      1.061545,
      1.372471,
      1.151302,
      0.86053,
      1.154656,
      0.832957,
      1.361163,
      0.881204,
      0.563239,
      0.952217,
      0.803097,
      1.437293,
      0.553189,
      0.600763,
      1.310861,
      1.108319,
      1.224611,
      1.162842,
      0.751244,
      0.867889,
      0.715099,
      1.33584,
      1.559695,
      0.773795,
      1.301085,
      1.228929,
      0.713304,
      0.812848,
      0.960505,
      1.065615,
      1.155553,
      0.922386,
      0.666251,
      1.05489,
      1.026087,
      0.940724,
      1.128904,
      0.981757,
      1.196112,
      1.321857,
      0.89971,
      0.7049
    ],
    "100": [
      0.946556,
      1.011368,
      1.089515,
      1.149581,
      0.747035,
      0.914297,
      0.800992,
      0.954173,
      0.881005,
      0.875719,
      0.911994,
      0.879608,
      0.702043,
      1.032025,
      0.709523,
      0.706509,
      1.229514,
      0.984376,
      1.015344,
      0.893058,
      0.874817,
      1.055447,
      0.961424,
      1.085743,
      1.073271,
      1.268478,
      1.048235,
      0.970316,
      0.941889,
      0.994153,
      0.727433,
      0.975913,
      1.470278,
      0.785549,
      0.914285,
      0.978582,
      1.030461,
      0.900114,
      0.910038,
      1.181407,
      1.036433,
      1.271388,
      1.009476,
      0.949819,
      1.023021,
      0.989471,
      0.767427,
      0.837516
    ],
    "300": [
      0.904243,
      1.087975,
      0.867913,
      0.910709,
      1.119654,
      0.847354,
      0.972499,
      1.051332,
      0.950797,
      0.889272,
      0.96447,
      0.974843,
      1.089339,
      1.02673,
      1.069697,
      1.200728,
      0.82871,
      0.971467,
      0.812461,
      1.081125,
      1.060524,
      1.075953,
      0.939791,
      1.070311,
      0.979996,
      0.940169,
      0.934322,
      0.93991,
      1.106391,
      1.119406,
      1.040522,
      0.951272,
      1.084669,
      1.09237,
      1.0329,
      0.963145,
      1.075572,
      0.773171,
      1.184012,
      0.940414,
      1.09475,
      0.900157,
      0.926335,
      0.944325,
      0.974951,
      1.104073,
      0.996806,
      0.961858
    ],
    "1000": [
      0.977608,
      0.991376,
      0.986079,
      0.953351,
      1.04254,
      1.021531,
      0.983147,
      1.070395,
      0.964062,
      1.004626,
      0.981893,
      1.013409,
      0.957767,
      0.972833,
      1.039648,
      0.981203,
      1.013872,
      1.108776,
      1.063385,
      0.952325,
      1.04699,
      1.023194,
      0.917495,
      1.068759,
      1.018851,
      0.957243,
      0.962296,
      1.01664,
      0.959647,
      1.130787,
      1.006171,
      0.950624,
      1.079289,
      1.018531,
      0.989396,
      1.007858,
      1.022842,
      0.970922,
      1.022625,
      1.014527,
      1.015519,
      0.999288,
      0.921919,
      1.0244,
      1.051145,
      0.930087,
      1.002,
      1.115679
    ],
    "3000": [
      0.977415,
      1.030541,
      0.980258,
      1.008488,
      1.043577,
      1.036216,
      1.022269,
      0.971535,
      0.979571,
      0.990173,
      0.974069,
      1.030483,
      1.003887,
      0.99205,
      0.977508,
      0.979509,
      0.978247,
      0.974636,
      0.977493,
      1.000474,
      0.975059,
      0.99664,
      0.949291,
      1.016715,
      0.985879,
      0.95899,
      0.984909,
      1.04766,
      1.000607,
      0.999787,
      1.072544,
      1.001606,
      1.029815,
      1.021316,
      0.965428,
      0.996999,
      1.009505,
      0.96493,
      1.022393,
      1.017387,
      0.997119,
      0.987475,
      1.021716,
      1.031637,
      1.030745,
      0.986078,
      0.996114,
      1.016048
    ]
  }
}
