{
  "complexity": {
    "adex_update": "O(200)",
    "conductance_decay": "O(200)",
    "criticality_estimation": "O(200)",
    "full_step": "O(1990 + 200)",
    "nmda_mg_block": "O(200)",
    "poisson_input": "O(200)",
    "synapse_propagation": "O(1990)"
  },
  "configuration": {
    "dt_ms": 0.1,
    "neurons": 200,
    "seed": 42,
    "steps": 100,
    "synapses": 1990
  },
  "kernels": {
    "adex_update": {
      "avg_memory_mb": 0.0,
      "avg_time_sec": 4.270863000101599e-05,
      "call_count": 100,
      "max_time_sec": 9.274300009565195e-05,
      "min_time_sec": 4.025500004445348e-05,
      "total_time_sec": 0.004270863000101599
    },
    "conductance_decay": {
      "avg_memory_mb": 0.0,
      "avg_time_sec": 5.030059992350289e-06,
      "call_count": 100,
      "max_time_sec": 1.8024000041805266e-05,
      "min_time_sec": 4.4779999370803125e-06,
      "total_time_sec": 0.0005030059992350289
    },
    "criticality_estimation": {
      "avg_memory_mb": 0.0,
      "avg_time_sec": 9.421590001466028e-06,
      "call_count": 100,
      "max_time_sec": 2.615899995817017e-05,
      "min_time_sec": 8.665999985169037e-06,
      "total_time_sec": 0.0009421590001466029
    },
    "full_step": {
      "avg_memory_mb": 0.0,
      "avg_time_sec": 0.0001111761100048625,
      "call_count": 100,
      "max_time_sec": 0.00018663900004867173,
      "min_time_sec": 0.00010424499998862302,
      "total_time_sec": 0.01111761100048625
    },
    "network_setup": {
      "avg_memory_mb": 0.0,
      "avg_time_sec": 0.00114528300002803,
      "call_count": 1,
      "max_time_sec": 0.00114528300002803,
      "min_time_sec": 0.00114528300002803,
      "total_time_sec": 0.00114528300002803
    },
    "nmda_mg_block": {
      "avg_memory_mb": 0.0,
      "avg_time_sec": 6.603270002187855e-06,
      "call_count": 100,
      "max_time_sec": 1.7311999954472412e-05,
      "min_time_sec": 6.072000019230472e-06,
      "total_time_sec": 0.0006603270002187855
    },
    "poisson_input": {
      "avg_memory_mb": 0.0,
      "avg_time_sec": 4.6108500077934875e-06,
      "call_count": 100,
      "max_time_sec": 1.8504000081520644e-05,
      "min_time_sec": 3.796999976657389e-06,
      "total_time_sec": 0.0004610850007793488
    },
    "synapse_propagation": {
      "avg_memory_mb": 0.0,
      "avg_time_sec": 1.8160929990926888e-05,
      "call_count": 100,
      "max_time_sec": 8.962800006884208e-05,
      "min_time_sec": 1.6109999933178187e-05,
      "total_time_sec": 0.0018160929990926888
    }
  },
  "metadata": {
    "description": "Performance Jacobian - gradient of cost w.r.t. kernels",
    "note": "Use this to identify O(N\u00b2) operations and optimization surfaces"
  }
}