{
  "steps": 200,
  "elapsed_s": 0.024642439999979615,
  "ms_per_step": 0.12321219999989809
}