{
  "timestamp": "2025-12-26T17:25:53.043144+00:00",
  "commit": "2a6b52dd6fd466e471c81a2670e2698c74a67044",
  "preflight": {
    "p50": 0.005740999995396123,
    "p95": 0.007336549981573622,
    "p99": 0.01049050002166041,
    "min": 0.0037370000427472405,
    "max": 0.01867499986474286,
    "mean": 0.0058439609993001795
  },
  "small_load": {
    "p50": 0.08696249994954997,
    "p95": 0.13310140013800248,
    "p99": 1.0303311699658477,
    "min": 0.0465269999949669,
    "max": 2.5116009999237576,
    "mean": 0.11503884800276865
  },
  "heavy_load": {
    "tokens_100": {
      "p50": 0.10168999995130434,
      "p95": 0.9977806999017957,
      "p99": 1.0858313600692857,
      "min": 0.049142000079882564,
      "max": 2.5428500000543863,
      "mean": 0.17220509999788192
    },
    "tokens_250": {
      "p50": 0.08852550001847703,
      "p95": 0.11786669986122433,
      "p99": 0.13096913002982546,
      "min": 0.049552000064068125,
      "max": 0.13236799986771075,
      "mean": 0.0801723200129345
    },
    "tokens_500": {
      "p50": 0.08994849997634446,
      "p95": 0.11138204996541388,
      "p99": 0.12052727014634003,
      "min": 0.05039400002715411,
      "max": 0.12372200012578105,
      "mean": 0.08032965001575576
    },
    "tokens_1000": {
      "p50": 0.07692849999330065,
      "p95": 0.11477919990738883,
      "p99": 0.12925432018391803,
      "min": 0.04845100011152681,
      "max": 0.13047400011600985,
      "mean": 0.07823089001021799
    }
  }
}